INSERT INTO CITY (ID, NAME) VALUES (1, 'BARCELONA');

INSERT INTO DISTRICT (ID, CITY_ID, NAME) VALUES (1, 1, 'GRACIA');
INSERT INTO DISTRICT (ID, CITY_ID, NAME) VALUES (2, 1, 'EIXAMPLE');
INSERT INTO DISTRICT (ID, CITY_ID, NAME) VALUES (3, 1, 'SANTS');

INSERT INTO ZONE (ID, DISTRICT_ID, NAME) VALUES (1, 1, 'VILLA DE GRACIA');
INSERT INTO ZONE (ID, DISTRICT_ID, NAME) VALUES (2, 1, 'CAMP D´EN GRASSOT');
INSERT INTO ZONE (ID, DISTRICT_ID, NAME) VALUES (3, 2, 'SAGRADA FAMILIA');
INSERT INTO ZONE (ID, DISTRICT_ID, NAME) VALUES (4, 2, 'ESQUERRA ALTA');
INSERT INTO ZONE (ID, DISTRICT_ID, NAME) VALUES (5, 3, 'SANTS');
INSERT INTO ZONE (ID, DISTRICT_ID, NAME) VALUES (6, 3, 'POBLE SEC');

INSERT INTO CONDOMINIUM (ID, ZONE_ID, ADDRESS, ZIP_CODE, NAME, LATITUDE, LONGITUDE, BUILT_YEAR)
VALUES (1, 2, 'Passeig d´Amunt 34', '08024', null, 324, 234, 1960),
 (2, 3, 'LEPANT 150', '08030', null, 324, 234, 1912),
 (3, 5, 'PLAZA DE SANTS 12', '08001', null, 324, 234, 1980);


INSERT INTO REAL_ESTATE (ID, CONDOMINIUM_ID, FLOOR_NUMBER, STAIR_NUMBER, BUILDING_NUMBER, BUILT_AREA, AVAILABLE_AREA, TERRACES_AREA, ROOMS, BATHS, TERRACES)
VALUES (1, 1, '2', '1', null, 100, 84, null, 4, 2, null),
 (2, 1, '2', '2', null, 100, 84, null, 4, 2, null),
 (3, 1, '2', '3', null, 100, 84, null, 4, 2, null),
 (4, 1, '2', '4', null, 100, 84, null, 4, 2, null),
 (5, 2, '1', '1', null, 100, 84, null, 4, 2, null),
 (6, 3, '4', '1', null, 100, 84, null, 4, 2, null);

INSERT INTO OFFER (ID, REAL_ESTATE_ID, TYPE, LOCATION_PRIVACY, DESCRIPTION, CREATION_DATE, END_DATE, INTERMEDIARY, PHONE, EMAIL)
VALUES (1, 1, 'RENTING', 'POINT', 'Big confortable floor', '2022-11-04T12:45:14.623656900', null, 'Juanola', '904524435', 'adsfsd@asd.com'),
 (2, 2, 'RENTING', 'POINT', 'Big confortable floor', '2022-11-04T12:45:14.623656900', null, 'Juanola', '904524435', 'adsfsd@asd.com'),
 (3, 3, 'SELLING', 'POINT', 'Big confortable floor', '2022-11-04T12:45:14.623656900', null, 'Juanola', '904524435', 'adsfsd@asd.com'),
 (4, 5, 'RENTING', 'POINT', 'Big confortable floor', '2022-11-04T12:45:14.623656900', null, 'Juanola', '904524435', 'adsfsd@asd.com'),
 (5, 6, 'RENTING', 'POINT', 'Big confortable floor', '2022-11-04T12:45:14.623656900', null, 'Juanola', '904524435', 'adsfsd@asd.com');